{
	"company": {
		"name": "Ferm"
	},
	"investors": {
		"cypper": {
			"name": "Cypper",
			"shareholder": 0.5
		},
		"oleg_dobysh": {
			"name": "Oleg Dobysh",
			"shareholder": 0.5
		},
		"cypper2": {
			"name": "Cypper 2.0",
			"shareholder": 0
		}
	},
	"wallets": {
		"USD": {
			"name": "USD"
		},
		"BTC": {
			"name": "BTC",
			"icon": "icon_bitcoin.png"
		},
		"KRB": {
			"name": "KRB",
			"icon": "icon_karbowanec.png"
		},
		"ETN": {
			"name": "ETN",
			"icon": "icon_karbowanec.png"
		},
		"ETH": {
			"name": "ETH",
			"icon": "icon_karbowanec.png"
		},
		"MONA": {
			"name": "ETH",
			"icon": "icon_karbowanec.png"
		}
	},
	"stuff": {
		"cryptokitties": {
			"name": "CryptoKitties",
			"icon": "icon_karbowanec.png"
		},
		"SRG": {
			"name": "SRG",
			"icon": "icon_karbowanec.png"
		}

	},
	"mining": {
		"eth_pool": {
			"name": "Ethereum pool"
		},
		"mona_pool": {
			"name": "Monacoin pool"
		},
		"etn_pool": {
			"name": "Electroneum pool"
		},
		"nicehash": {
			"name": "Nicehash"
		},
		"karb_pool": {
			"name": "Karbovanec pool"
		}
	},
	"items": {
		"item_0": {
			"name": "asus 1060 6gb"
		},
		"item_1": {
			"name": "evga 1060 6gb"
		},
		"item_2": {
			"name": "equipment"
		},
		"item_3": {
			"name": "msi 1060 6gb"
		},
		"item_4": {
			"name": "gigabite 1070"
		}
	},
	"resources": {
		"electricity": {
			"name": "Electricity"
		}
	}

}
