[
	{
		"id": 0,
		"message": "asus 1060 6gb",
		"date": "27 Jul 2017 17:00:00",
		"from": [
			{
				"id": "cypper",
				"percentage": 0.5
			},
			{
				"id": "oleg_dobysh",
				"percentage": 0.5
			}
		],
		"to": [
			{
				"id": "item_0",
				"percentage": 1
			}
		],
		"amount_in_dollars": 330,
		"amount_from": 330,
		"amount_to": 330,
		"from_type": "investors",
		"to_type": "items"
	},
	{
		"id": 1,
		"message": "evga 1060 6gb",
		"date": "15 Aug 2017 17:00:00",
		"from": [
			{
				"id": "cypper",
				"percentage": 0.5
			},
			{
				"id": "oleg_dobysh",
				"percentage": 0.5
			}
		],
		"to": [
			{
				"id": "item_1",
				"percentage": 1
			}
		],
		"amount_in_dollars": 300,
		"amount_from": 300,
		"amount_to": 300,
		"from_type": "investors",
		"to_type": "items"
	},
	{
		"id": 2,
		"message": "evga 1060 6gb",
		"date": "15 Aug 2017 7:00:00",
		"from": [
			{
				"id": "cypper",
				"percentage": 0.5
			},
			{
				"id": "oleg_dobysh",
				"percentage": 0.5
			}
		],
		"to": [
			{
				"id": "item_1",
				"percentage": 1
			}
		],
		"amount_in_dollars": 300,
		"amount_from": 300,
		"amount_to": 300,
		"from_type": "investors",
		"to_type": "items"
	},
	{
		"id": 3,
		"message": "nicehash",
		"date": "31 Aug 2017 17:00:00",
		"from": [
			{
				"id": "nicehash",
				"percentage": 1
			}
		],
		"to": [
			{
				"id": "BTC",
				"percentage": 1
			}
		],
		"amount_in_dollars": 0.02,
		"amount_from": 0.02,
		"amount_to": 0.02,
		"from_type": "mining",
		"to_type": "company"
	},
	{
		"id": 4,
		"message": "Bitc to Srg",
		"date": "10 Sep 2017 18:00:00",
		"from": [
			{
				"id": "BTC",
				"percentage": 1
			}
		],
		"to": [
			{
				"id": "SRG",
				"percentage": 1
			}
		],
		"amount_in_dollars": 50,
		"amount_from": 0.01,
		"amount_to": 25,
		"from_type": "company",
		"to_type": "company"
	},
	{
		"id": 5,
		"message": "nicehash",
		"date": "31 Sep 2017 17:00:00",
		"from": [
			{
				"id": "nicehash",
				"percentage": 1
			}
		],
		"to": [
			{
				"id": "BTC",
				"percentage": 1
			}
		],
		"amount_in_dollars": 0.019,
		"amount_from": 0.019,
		"amount_to": 0.019,
		"from_type": "mining",
		"to_type": "company"
	},
	{
		"id": 6,
		"message": "nicehash",
		"date": "31 Oct 2017 17:00:00",
		"from": [
			{
				"id": "nicehash",
				"percentage": 1
			}
		],
		"to": [
			{
				"id": "BTC",
				"percentage": 1
			}
		],
		"amount_in_dollars": 0.02954,
		"amount_from": 0.02954,
		"amount_to": 0.02954,
		"from_type": "mining",
		"to_type": "company"
	},
	{
		"id": 6,
		"message": "equipment",
		"date": "15 Aug 2017 10:00:00",
		"from": [
			{
				"id": "cypper",
				"percentage": 0.5
			},
			{
				"id": "oleg_dobysh",
				"percentage": 0.5
			}
		],
		"to": [
			{
				"id": "item_2",
				"percentage": 1
			}
		],
		"amount_in_dollars": 120,
		"amount_from": 120,
		"amount_to": 120,
		"from_type": "investors",
		"to_type": "items"
	},
	{
		"id": 7,
		"message": "evga 1060 6gb",
		"date": "2 Nov 2017 16:00:00",
		"from": [
			{
				"id": "cypper",
				"percentage": 0.5
			},
			{
				"id": "oleg_dobysh",
				"percentage": 0.5
			}
		],
		"to": [
			{
				"id": "item_1",
				"percentage": 1
			}
		],
		"amount_in_dollars": 300,
		"amount_from": 300,
		"amount_to": 300,
		"from_type": "investors",
		"to_type": "items"
	},
	{
		"id": 8,
		"message": "msi 1060 6gb",
		"date": "2 Nov 2017 17:00:00",
		"from": [
			{
				"id": "cypper",
				"percentage": 0.5
			},
			{
				"id": "oleg_dobysh",
				"percentage": 0.5
			}
		],
		"to": [
			{
				"id": "item_3",
				"percentage": 1
			}
		],
		"amount_in_dollars": 300,
		"amount_from": 300,
		"amount_to": 300,
		"from_type": "investors",
		"to_type": "items"
	},
	{
		"id": 9,
		"message": "equipment",
		"date": "15 Aug 2017 18:00:00",
		"from": [
			{
				"id": "cypper",
				"percentage": 0.5
			},
			{
				"id": "oleg_dobysh",
				"percentage": 0.5
			}
		],
		"to": [
			{
				"id": "item_2",
				"percentage": 1
			}
		],
		"amount_in_dollars": 170,
		"amount_from": 170,
		"amount_to": 170,
		"from_type": "investors",
		"to_type": "items"
	},
	{
		"id": 10,
		"message": "gigabite 1070",
		"date": "22 Nov 2017 17:00:00",
		"from": [
			{
				"id": "cypper",
				"percentage": 0.5
			},
			{
				"id": "oleg_dobysh",
				"percentage": 0.5
			}
		],
		"to": [
			{
				"id": "item_4",
				"percentage": 1
			}
		],
		"amount_in_dollars": 470,
		"amount_from": 470,
		"amount_to": 470,
		"from_type": "investors",
		"to_type": "items"
	},
	{
		"id": 11,
		"message": "karb pool",
		"date": "25 Nov 2017 17:00:00",
		"from": [
			{
				"id": "karb_pool",
				"percentage": 1
			}
		],
		"to": [
			{
				"id": "KRB",
				"percentage": 1
			}
		],
		"amount_in_dollars": 2,
		"amount_from": 2,
		"amount_to": 2,
		"from_type": "mining",
		"to_type": "company"
	},
	{
		"id": 12,
		"message": "Bitc to Karb",
		"date": "25 Nov 2017 18:00:00",
		"from": [
			{
				"id": "BTC",
				"percentage": 1
			}
		],
		"to": [
			{
				"id": "KRB",
				"percentage": 1
			}
		],
		"amount_in_dollars": 180,
		"amount_from": 0.025,
		"amount_to": 107,
		"from_type": "company",
		"to_type": "company"
	},
	{
		"id": 13,
		"message": "ether pool",
		"date": "1 Dec 2017 17:00:00",
		"from": [
			{
				"id": "eth_pool",
				"percentage": 1
			}
		],
		"to": [
			{
				"id": "ETH",
				"percentage": 1
			}
		],
		"amount_in_dollars": 0.2323,
		"amount_from": 0.2323,
		"amount_to": 0.2323,
		"from_type": "mining",
		"to_type": "company"
	},
	{
		"id": 14,
		"message": "CryptoKitties",
		"date": "5 Dec 2017 21:00:00",
		"from": [
			{
				"id": "ETH",
				"percentage": 1
			}
		],
		"to": [
			{
				"id": "cryptokitties",
				"percentage": 1
			}
		],
		"amount_in_dollars": 45,
		"amount_from": 0.1,
		"amount_to": 0.1,
		"from_type": "company",
		"to_type": "company"
	},
	{
		"id": 15,
		"message": "etn pool",
		"date": "6 Dec 2017 3:00:00",
		"from": [
			{
				"id": "etn_pool",
				"percentage": 1
			}
		],
		"to": [
			{
				"id": "ETN",
				"percentage": 1
			}
		],
		"amount_in_dollars": 3.407,
		"amount_from": 32,
		"amount_to": 32,
		"from_type": "mining",
		"to_type": "company"
	},
	{
		"id": 16,
		"message": "electricity",
		"date": "1 Sep 2017 00:00:00",
		"from": [
			{
				"id": "cypper",
				"percentage": 0.5
			},
			{
				"id": "oleg_dobysh",
				"percentage": 0.5
			}
		],
		"to": [
			{
				"id": "electricity",
				"percentage": 1
			}
		],
		"amount_in_dollars": 15,
		"amount_from": 15,
		"amount_to": 15,
		"from_type": "investors",
		"to_type": "resources"
	},
	{
		"id": 17,
		"message": "electricity",
		"date": "1 Oct 2017 00:00:00",
		"from": [
			{
				"id": "cypper",
				"percentage": 0.5
			},
			{
				"id": "oleg_dobysh",
				"percentage": 0.5
			}
		],
		"to": [
			{
				"id": "electricity",
				"percentage": 1
			}
		],
		"amount_in_dollars": 28,
		"amount_from": 28,
		"amount_to": 28,
		"from_type": "investors",
		"to_type": "resources"
	},
	{
		"id": 18,
		"message": "electricity",
		"date": "1 Nov 2017 00:00:00",
		"from": [
			{
				"id": "cypper",
				"percentage": 0.5
			},
			{
				"id": "oleg_dobysh",
				"percentage": 0.5
			}
		],
		"to": [
			{
				"id": "electricity",
				"percentage": 1
			}
		],
		"amount_in_dollars": 28,
		"amount_from": 28,
		"amount_to": 28,
		"from_type": "investors",
		"to_type": "resources"
	},
	{
		"id": 19,
		"message": "etn pool",
		"date": "7 Dec 2017 00:00:00",
		"from": [
			{
				"id": "etn_pool",
				"percentage": 1
			}
		],
		"to": [
			{
				"id": "ETN",
				"percentage": 1
			}
		],
		"amount_in_dollars": 28.872,
		"amount_from": 354,
		"amount_to": 354,
		"from_type": "mining",
		"to_type": "company"
	},
	{
		"id": 21,
		"message": "etn pool",
		"date": "9 Dec 2017 00:00:00",
		"from": [
			{
				"id": "etn_pool",
				"percentage": 1
			}
		],
		"to": [
			{
				"id": "ETN",
				"percentage": 1
			}
		],
		"amount_in_dollars": 41.55,
		"amount_from": 354,
		"amount_to": 354,
		"from_type": "mining",
		"to_type": "company"
	},
	{
		"id": 22,
		"message": "etn pool",
		"date": "11 Dec 2017 00:00:00",
		"from": [
			{
				"id": "etn_pool",
				"percentage": 1
			}
		],
		"to": [
			{
				"id": "ETN",
				"percentage": 1
			}
		],
		"amount_in_dollars": 15.859,
		"amount_from": 153,
		"amount_to": 153,
		"from_type": "mining",
		"to_type": "company"
	},
	{
		"id": 23,
		"message": "ether pool",
		"date": "11 Dec 2017 00:00:00",
		"from": [
			{
				"id": "eth_pool",
				"percentage": 1
			}
		],
		"to": [
			{
				"id": "ETH",
				"percentage": 1
			}
		],
		"amount_in_dollars": 51.689,
		"amount_from": 0.11092,
		"amount_to": 0.11092,
		"from_type": "mining",
		"to_type": "company"
	},
	{
		"id": 24,
		"message": "monacoin pool",
		"date": "11 Dec 2017 17:00:00",
		"from": [
			{
				"id": "mona_pool",
				"percentage": 1
			}
		],
		"to": [
			{
				"id": "MONA",
				"percentage": 1
			}
		],
		"amount_in_dollars": 11.869,
		"amount_from": 0.79125573,
		"amount_to": 0.79125573,
		"from_type": "mining",
		"to_type": "company"
	},
	{
		"id": 25,
		"message": "electricity",
		"date": "15 Dec 2017 12:00:00",
		"from": [
			{
				"id": "cypper",
				"percentage": 0.5
			},
			{
				"id": "oleg_dobysh",
				"percentage": 0.5
			}
		],
		"to": [
			{
				"id": "electricity",
				"percentage": 1
			}
		],
		"amount_in_dollars": 36.364,
		"amount_from": 36.364,
		"amount_to": 36.364,
		"from_type": "investors",
		"to_type": "resources"
	},
	{
		"id": 26,
		"message": "ether pool",
		"date": "18 Dec 2017 14:00:00",
		"from": [
			{
				"id": "eth_pool",
				"percentage": 1
			}
		],
		"to": [
			{
				"id": "ETH",
				"percentage": 1
			}
		],
		"amount_in_dollars": 99.417,
		"amount_from": 0.13287,
		"amount_to": 0.13287,
		"from_type": "mining",
		"to_type": "company"
	},
	{
		"id": 27,
		"message": "ether pool",
		"date": "25 Dec 2017 14:00:00",
		"from": [
			{
				"id": "eth_pool",
				"percentage": 1
			}
		],
		"to": [
			{
				"id": "ETH",
				"percentage": 1
			}
		],
		"amount_in_dollars": 107.999,
		"amount_from": 0.1454,
		"amount_to": 0.1454,
		"from_type": "mining",
		"to_type": "company"
	}


]
