{
	"capitals": {
		"company": {
			"name": "Ferm"
		},
		"cypper": {
			"name": "Cypper",
			"shareholder": 0.5
		},
		"oleg_dobysh": {
			"name": "Oleg Dobysh",
			"shareholder": 0.5
		},
		"cypper2": {
			"name": "Cypper 2.0",
			"shareholder": 0
		}
	},
	"wallets": {
		"USD": {
			"name": "USD"
		},
		"BTC": {
			"name": "BTC",
			"icon": "icon_bitcoin.png"
		},
		"ZCL": {
			"name": "ZCL",
			"icon": "icon_bitcoin.png"
		},
		"XVG": {
			"name": "XVG",
			"icon": "icon_bitcoin.png"
		},
		"KRB": {
			"name": "KRB",
			"icon": "icon_karbowanec.png"
		},
		"ETN": {
			"name": "ETN",
			"icon": "icon_karbowanec.png"
		},
		"ETH": {
			"name": "ETH",
			"icon": "icon_karbowanec.png"
		},
		"MONA": {
			"name": "MONA",
			"icon": "icon_karbowanec.png"
		}
	},
	"stuff": {
		"cryptokitties": {
			"name": "CryptoKitties",
			"icon": "icon_karbowanec.png"
		},
		"SRG": {
			"name": "SRG",
			"icon": "icon_karbowanec.png"
		}

	},
	"mining": {
		"eth_pool": {
			"name": "Ethereum pool"
		},
		"mona_pool": {
			"name": "Monacoin pool"
		},
		"etn_pool": {
			"name": "Electroneum pool"
		},
		"zcl_pool": {
			"name": "ZCLASSIC pool"
		},
		"xvg_pool": {
			"name": "Verge/XVG_lyra2rev2 pool"
		},
		"nicehash": {
			"name": "Nicehash"
		},
		"karb_pool": {
			"name": "Karbovanec pool"
		}
	},
	"items": {
		"asus_1060_6gb": {
			"name": "asus 1060 6gb"
		},
		"palit_1080": {
			"name": "palit 1080"
		},
		"evga_1060_6gb": {
			"name": "evga 1060 6gb"
		},
		"equipment": {
			"name": "equipment"
		},
		"msi_1060_6gb": {
			"name": "msi 1060 6gb"
		},
		"gigabite_1070": {
			"name": "gigabite 1070"
		},
		"asus_turbo_1070": {
			"name": "Asus Turbo 1070"
		}
	},
	"resources": {
		"electricity": {
			"name": "Electricity"
		}
	}

}
