[{"id":0,"message":"asus 1060 6gb","date":"27 Jul 2017 17:00:00","from":{"capitals":[{"id":"cypper","percentage":0.5},{"id":"oleg_dobysh","percentage":0.5}],"amount":330,"wallet":"USD"},"to":{"capitals":[{"id":"asus_1060_6gb","percentage":1}],"amount":330,"wallet":"USD"},"amount":330},{"id":1,"message":"evga 1060 6gb","date":"15 Aug 2017 17:00:00","from":{"capitals":[{"id":"cypper","percentage":0.5},{"id":"oleg_dobysh","percentage":0.5}],"amount":300,"wallet":"USD"},"to":{"capitals":[{"id":"evga_1060_6gb","percentage":1}],"amount":300,"wallet":"USD"},"amount":300},{"id":2,"message":"evga 1060 6gb","date":"15 Aug 2017 7:00:00","from":{"capitals":[{"id":"cypper","percentage":0.5},{"id":"oleg_dobysh","percentage":0.5}],"amount":300,"wallet":"USD"},"to":{"capitals":[{"id":"evga_1060_6gb","percentage":1}],"amount":300,"wallet":"USD"},"amount":300},{"id":3,"message":"nicehash","date":"31 Aug 2017 17:00:00","from":{"capitals":[{"id":"nicehash","percentage":1}],"amount":0.02,"wallet":"BTC"},"to":{"capitals":[{"id":"company","percentage":1}],"amount":0.02,"wallet":"BTC"},"amount":0.02},{"id":4,"message":"Bitc to Srg","date":"10 Sep 2017 18:00:00","from":{"capitals":[{"id":"company","percentage":1}],"amount":0.01,"wallet":"BTC"},"to":{"capitals":[{"id":"company","percentage":1}],"amount":25,"wallet":"SRG"},"amount":50},{"id":5,"message":"nicehash","date":"31 Sep 2017 17:00:00","from":{"capitals":[{"id":"nicehash","percentage":1}],"amount":0.019,"wallet":"BTC"},"to":{"capitals":[{"id":"company","percentage":1}],"amount":0.019,"wallet":"BTC"},"amount":0.019},{"id":6,"message":"nicehash","date":"31 Oct 2017 17:00:00","from":{"capitals":[{"id":"nicehash","percentage":1}],"amount":0.02954,"wallet":"BTC"},"to":{"capitals":[{"id":"company","percentage":1}],"amount":0.02954,"wallet":"BTC"},"amount":0.02954},{"id":6,"message":"equipment","date":"15 Aug 2017 10:00:00","from":{"capitals":[{"id":"cypper","percentage":0.5},{"id":"oleg_dobysh","percentage":0.5}],"amount":120,"wallet":"USD"},"to":{"capitals":[{"id":"equipment","percentage":1}],"amount":120,"wallet":"USD"},"amount":120},{"id":7,"message":"evga 1060 6gb","date":"2 Nov 2017 16:00:00","from":{"capitals":[{"id":"cypper","percentage":0.5},{"id":"oleg_dobysh","percentage":0.5}],"amount":300,"wallet":"USD"},"to":{"capitals":[{"id":"evga_1060_6gb","percentage":1}],"amount":300,"wallet":"USD"},"amount":300},{"id":8,"message":"msi 1060 6gb","date":"2 Nov 2017 17:00:00","from":{"capitals":[{"id":"cypper","percentage":0.5},{"id":"oleg_dobysh","percentage":0.5}],"amount":300,"wallet":"USD"},"to":{"capitals":[{"id":"msi_1060_6gb","percentage":1}],"amount":300,"wallet":"USD"},"amount":300},{"id":9,"message":"equipment","date":"15 Aug 2017 18:00:00","from":{"capitals":[{"id":"cypper","percentage":0.5},{"id":"oleg_dobysh","percentage":0.5}],"amount":170,"wallet":"USD"},"to":{"capitals":[{"id":"equipment","percentage":1}],"amount":170,"wallet":"USD"},"amount":170},{"id":10,"message":"gigabite 1070","date":"22 Nov 2017 17:00:00","from":{"capitals":[{"id":"cypper","percentage":0.5},{"id":"oleg_dobysh","percentage":0.5}],"amount":470,"wallet":"USD"},"to":{"capitals":[{"id":"gigabite_1070","percentage":1}],"amount":470,"wallet":"USD"},"amount":470},{"id":11,"message":"karb pool","date":"25 Nov 2017 17:00:00","from":{"capitals":[{"id":"karb_pool","percentage":1}],"amount":2,"wallet":"KRB"},"to":{"capitals":[{"id":"company","percentage":1}],"amount":2,"wallet":"KRB"},"amount":2},{"id":12,"message":"Bitc to Karb","date":"25 Nov 2017 18:00:00","from":{"capitals":[{"id":"company","percentage":1}],"amount":0.025,"wallet":"BTC"},"to":{"capitals":[{"id":"company","percentage":1}],"amount":107,"wallet":"KRB"},"amount":180},{"id":13,"message":"ether pool","date":"1 Dec 2017 17:00:00","from":{"capitals":[{"id":"eth_pool","percentage":1}],"amount":0.2323,"wallet":"ETH"},"to":{"capitals":[{"id":"company","percentage":1}],"amount":0.2323,"wallet":"ETH"},"amount":0.2323},{"id":14,"message":"CryptoKitties","date":"5 Dec 2017 21:00:00","from":{"capitals":[{"id":"company","percentage":1}],"amount":0.1,"wallet":"ETH"},"to":{"capitals":[{"id":"company","percentage":1}],"amount":0.1,"wallet":"cryptokitties"},"amount":45},{"id":15,"message":"etn pool","date":"6 Dec 2017 3:00:00","from":{"capitals":[{"id":"etn_pool","percentage":1}],"amount":32,"wallet":"ETN"},"to":{"capitals":[{"id":"company","percentage":1}],"amount":32,"wallet":"ETN"},"amount":3.407},{"id":16,"message":"electricity","date":"1 Sep 2017 00:00:00","from":{"capitals":[{"id":"cypper","percentage":0.5},{"id":"oleg_dobysh","percentage":0.5}],"amount":15,"wallet":"USD"},"to":{"capitals":[{"id":"electricity","percentage":1}],"amount":15,"wallet":"USD"},"amount":15},{"id":17,"message":"electricity","date":"1 Oct 2017 00:00:00","from":{"capitals":[{"id":"cypper","percentage":0.5},{"id":"oleg_dobysh","percentage":0.5}],"amount":28,"wallet":"USD"},"to":{"capitals":[{"id":"electricity","percentage":1}],"amount":28,"wallet":"USD"},"amount":28},{"id":18,"message":"electricity","date":"1 Nov 2017 00:00:00","from":{"capitals":[{"id":"cypper","percentage":0.5},{"id":"oleg_dobysh","percentage":0.5}],"amount":28,"wallet":"USD"},"to":{"capitals":[{"id":"electricity","percentage":1}],"amount":28,"wallet":"USD"},"amount":28},{"id":19,"message":"etn pool","date":"7 Dec 2017 00:00:00","from":{"capitals":[{"id":"etn_pool","percentage":1}],"amount":354,"wallet":"ETN"},"to":{"capitals":[{"id":"company","percentage":1}],"amount":354,"wallet":"ETN"},"amount":28.872},{"id":21,"message":"etn pool","date":"9 Dec 2017 00:00:00","from":{"capitals":[{"id":"etn_pool","percentage":1}],"amount":354,"wallet":"ETN"},"to":{"capitals":[{"id":"company","percentage":1}],"amount":354,"wallet":"ETN"},"amount":41.55},{"id":22,"message":"etn pool","date":"11 Dec 2017 00:00:00","from":{"capitals":[{"id":"etn_pool","percentage":1}],"amount":153,"wallet":"ETN"},"to":{"capitals":[{"id":"company","percentage":1}],"amount":153,"wallet":"ETN"},"amount":15.859},{"id":23,"message":"ether pool","date":"11 Dec 2017 00:00:00","from":{"capitals":[{"id":"eth_pool","percentage":1}],"amount":0.11092,"wallet":"ETH"},"to":{"capitals":[{"id":"company","percentage":1}],"amount":0.11092,"wallet":"ETH"},"amount":51.689},{"id":24,"message":"monacoin pool","date":"11 Dec 2017 17:00:00","from":{"capitals":[{"id":"mona_pool","percentage":1}],"amount":0.79125573,"wallet":"MONA"},"to":{"capitals":[{"id":"company","percentage":1}],"amount":0.79125573,"wallet":"MONA"},"amount":11.869},{"id":25,"message":"electricity","date":"15 Dec 2017 12:00:00","from":{"capitals":[{"id":"cypper","percentage":0.5},{"id":"oleg_dobysh","percentage":0.5}],"amount":36.364,"wallet":"USD"},"to":{"capitals":[{"id":"electricity","percentage":1}],"amount":36.364,"wallet":"USD"},"amount":36.364},{"id":26,"message":"ether pool","date":"18 Dec 2017 14:00:00","from":{"capitals":[{"id":"eth_pool","percentage":1}],"amount":0.13287,"wallet":"ETH"},"to":{"capitals":[{"id":"company","percentage":1}],"amount":0.13287,"wallet":"ETH"},"amount":99.417},{"id":27,"message":"ether pool","date":"25 Dec 2017 14:00:00","from":{"capitals":[{"id":"eth_pool","percentage":1}],"amount":0.1454,"wallet":"ETH"},"to":{"capitals":[{"id":"company","percentage":1}],"amount":0.1454,"wallet":"ETH"},"amount":107.999},{"id":28,"message":"ether pool","date":"1 Jan 2018 14:00:00","from":{"capitals":[{"id":"eth_pool","percentage":1}],"amount":0.1202,"wallet":"ETH"},"to":{"capitals":[{"id":"company","percentage":1}],"amount":0.1202,"wallet":"ETH"},"amount":89.886},{"id":29,"message":"equiptment","date":"2 Jan 2018 1:00:00","from":{"capitals":[{"id":"company","percentage":1}],"amount":0.014,"wallet":"BTC"},"to":{"capitals":[{"id":"equipment","percentage":1}],"amount":209.709,"wallet":"USD"},"amount":209.709},{"id":30,"message":"equiptment","date":"2 Jan 2018 2:00:00","from":{"capitals":[{"id":"company","percentage":1}],"amount":0.05,"wallet":"ETH"},"to":{"capitals":[{"id":"equipment","percentage":1}],"amount":37.5,"wallet":"USD"},"amount":37.5},{"id":31,"message":"Ether pool","date":"08 Jan 2018 13:00:00","amount":72,"from":{"capitals":[{"id":"eth_pool","percentage":1}],"amount":0.06409,"wallet":"ETH"},"to":{"capitals":[{"id":"company","percentage":1}],"amount":0.06409,"wallet":"ETH"}},{"id":32,"message":"Ether out","date":"09 Jan 2018 10:00:00","amount":741.518,"from":{"capitals":[{"id":"company","percentage":1}],"amount":0.65578,"wallet":"ETH"},"to":{"capitals":[{"id":"cypper","percentage":0.5},{"id":"oleg_dobysh","percentage":0.5}],"amount":741.518,"wallet":"USD"}},{"from":{"amount":0.1052,"wallet":"ZCL","capitals":[{"id":"zcl_pool","percentage":1}]},"to":{"amount":0.1052,"wallet":"ZCL","capitals":[{"id":"company","percentage":1}]},"id":33,"message":"ZCL pool","amount":17.891,"date":"10 Jan 2018 10:00:00"},{"id":34,"message":"XVG pool","date":"13 Jan 2018 15:00:00","amount":14.78,"from":{"capitals":[{"id":"xvg_pool","percentage":1}],"amount":92.634675,"wallet":"XVG"},"to":{"capitals":[{"id":"company","percentage":1}],"amount":92.634675,"wallet":"XVG"}},{"id":35,"message":"BTC out","date":"14 Jan 2018 18:00:00","amount":250,"from":{"capitals":[{"id":"company","percentage":1}],"amount":0.0195,"wallet":"BTC"},"to":{"capitals":[{"id":"cypper","percentage":0.5},{"id":"oleg_dobysh","percentage":0.5}],"amount":250,"wallet":"USD"}},{"from":{"amount":109,"wallet":"KRB","capitals":[{"id":"company","percentage":1}]},"to":{"amount":166,"wallet":"USD","capitals":[{"id":"cypper","percentage":0.5},{"id":"oleg_dobysh","percentage":0.5}]},"id":36,"message":"Karb out","amount":166,"date":"14 Jan 2018 10:10:00"},{"from":{"amount":893,"wallet":"ETN","capitals":[{"id":"company","percentage":1}]},"to":{"amount":142,"wallet":"USD","capitals":[{"id":"cypper","percentage":0.5},{"id":"oleg_dobysh","percentage":0.5}]},"id":37,"message":"Electro out","amount":142,"date":"14 Jan 2018 18:20:00"},{"id":38,"message":"Eth pool","date":"15 Jan 2018 15:00:00","amount":57.542,"from":{"capitals":[{"id":"eth_pool","percentage":1}],"amount":0.04474,"wallet":"ETH"},"to":{"capitals":[{"id":"company","percentage":1}],"amount":0.04474,"wallet":"ETH"}},{"from":{"amount":1920,"wallet":"USD","capitals":[{"id":"cypper","percentage":0.5},{"id":"oleg_dobysh","percentage":0.5}]},"to":{"amount":1920,"wallet":"USD","capitals":[{"id":"asus_turbo_1070","percentage":1}]},"id":39,"message":"Asus turbo 1070 - 3x","amount":1920,"date":"15 Jan 2018 16:00:00"},{"from":{"amount":0.14607,"wallet":"ZCL","capitals":[{"id":"zcl_pool","percentage":1}]},"to":{"amount":0.14607,"wallet":"ZCL","capitals":[{"id":"company","percentage":1}]},"id":40,"message":"ZCL pool","amount":21.91,"date":"19 Jan 2018 10:00:00"},{"from":{"amount":0.05881,"wallet":"ETH","capitals":[{"id":"eth_pool","percentage":1}]},"to":{"amount":0.05881,"wallet":"ETH","capitals":[{"id":"company","percentage":1}]},"id":41,"message":"Eth pool","amount":63.28,"date":"22 Jan 2018 10:00:00"}]