{"3eee":{"reported":"29 Jan 2018 22:16:45","watch":true,"history":[{"date":"29 Jan 2018 22:39:03","gpusCount":3,"gpus":[{"id":"0","name":"GeForce GTX 1060 6GB","driverVersion":"388.13","temperature":"54","usage":"100 %","memoryUsage":"100 %","coreClock":"1847 MHz","memoryClock":"4417 MHz","memoryUsed":"2555 MiB"},{"id":"1","name":"GeForce GTX 1060 6GB","driverVersion":"388.13","temperature":"45","usage":"100 %","memoryUsage":"100 %","coreClock":"1885 MHz","memoryClock":"4417 MHz","memoryUsed":"2555 MiB"},{"id":"2","name":"GeForce GTX 1060 6GB","driverVersion":"388.13","temperature":"62","usage":"100 %","memoryUsage":"100 %","coreClock":"1733 MHz","memoryClock":"4303 MHz","memoryUsed":"2558 MiB"}]},{"date":"29 Jan 2018 22:39:13","gpusCount":3,"gpus":[{"id":"0","name":"GeForce GTX 1060 6GB","driverVersion":"388.13","temperature":"54","usage":"99 %","memoryUsage":"100 %","coreClock":"1860 MHz","memoryClock":"4417 MHz","memoryUsed":"2555 MiB"},{"id":"1","name":"GeForce GTX 1060 6GB","driverVersion":"388.13","temperature":"45","usage":"100 %","memoryUsage":"100 %","coreClock":"1898 MHz","memoryClock":"4417 MHz","memoryUsed":"2555 MiB"},{"id":"2","name":"GeForce GTX 1060 6GB","driverVersion":"388.13","temperature":"62","usage":"100 %","memoryUsage":"100 %","coreClock":"1733 MHz","memoryClock":"4303 MHz","memoryUsed":"2558 MiB"}]},{"date":"29 Jan 2018 22:39:23","gpusCount":3,"gpus":[{"id":"0","name":"GeForce GTX 1060 6GB","driverVersion":"388.13","temperature":"54","usage":"100 %","memoryUsage":"100 %","coreClock":"1835 MHz","memoryClock":"4417 MHz","memoryUsed":"2555 MiB"},{"id":"1","name":"GeForce GTX 1060 6GB","driverVersion":"388.13","temperature":"45","usage":"100 %","memoryUsage":"100 %","coreClock":"1898 MHz","memoryClock":"4417 MHz","memoryUsed":"2555 MiB"},{"id":"2","name":"GeForce GTX 1060 6GB","driverVersion":"388.13","temperature":"61","usage":"99 %","memoryUsage":"100 %","coreClock":"1721 MHz","memoryClock":"4303 MHz","memoryUsed":"2558 MiB"}]},{"date":"29 Jan 2018 22:39:33","gpusCount":3,"gpus":[{"id":"0","name":"GeForce GTX 1060 6GB","driverVersion":"388.13","temperature":"55","usage":"100 %","memoryUsage":"100 %","coreClock":"1860 MHz","memoryClock":"4417 MHz","memoryUsed":"2555 MiB"},{"id":"1","name":"GeForce GTX 1060 6GB","driverVersion":"388.13","temperature":"45","usage":"99 %","memoryUsage":"100 %","coreClock":"1898 MHz","memoryClock":"4417 MHz","memoryUsed":"2555 MiB"},{"id":"2","name":"GeForce GTX 1060 6GB","driverVersion":"388.13","temperature":"61","usage":"100 %","memoryUsage":"100 %","coreClock":"1695 MHz","memoryClock":"4303 MHz","memoryUsed":"2558 MiB"}]},{"date":"29 Jan 2018 22:39:43","gpusCount":3,"gpus":[{"id":"0","name":"GeForce GTX 1060 6GB","driverVersion":"388.13","temperature":"55","usage":"100 %","memoryUsage":"100 %","coreClock":"1835 MHz","memoryClock":"4417 MHz","memoryUsed":"2555 MiB"},{"id":"1","name":"GeForce GTX 1060 6GB","driverVersion":"388.13","temperature":"45","usage":"100 %","memoryUsage":"100 %","coreClock":"1898 MHz","memoryClock":"4417 MHz","memoryUsed":"2555 MiB"},{"id":"2","name":"GeForce GTX 1060 6GB","driverVersion":"388.13","temperature":"62","usage":"100 %","memoryUsage":"100 %","coreClock":"1670 MHz","memoryClock":"4303 MHz","memoryUsed":"2558 MiB"}]},{"date":"29 Jan 2018 22:39:53","gpusCount":3,"gpus":[{"id":"0","name":"GeForce GTX 1060 6GB","driverVersion":"388.13","temperature":"55","usage":"100 %","memoryUsage":"100 %","coreClock":"1847 MHz","memoryClock":"4417 MHz","memoryUsed":"2555 MiB"},{"id":"1","name":"GeForce GTX 1060 6GB","driverVersion":"388.13","temperature":"45","usage":"100 %","memoryUsage":"100 %","coreClock":"1885 MHz","memoryClock":"4417 MHz","memoryUsed":"2555 MiB"},{"id":"2","name":"GeForce GTX 1060 6GB","driverVersion":"388.13","temperature":"62","usage":"100 %","memoryUsage":"100 %","coreClock":"1721 MHz","memoryClock":"4303 MHz","memoryUsed":"2558 MiB"}]},{"date":"29 Jan 2018 22:40:03","gpusCount":3,"gpus":[{"id":"0","name":"GeForce GTX 1060 6GB","driverVersion":"388.13","temperature":"54","usage":"100 %","memoryUsage":"100 %","coreClock":"1835 MHz","memoryClock":"4417 MHz","memoryUsed":"2555 MiB"},{"id":"1","name":"GeForce GTX 1060 6GB","driverVersion":"388.13","temperature":"45","usage":"100 %","memoryUsage":"100 %","coreClock":"1898 MHz","memoryClock":"4417 MHz","memoryUsed":"2555 MiB"},{"id":"2","name":"GeForce GTX 1060 6GB","driverVersion":"388.13","temperature":"62","usage":"100 %","memoryUsage":"100 %","coreClock":"1721 MHz","memoryClock":"4303 MHz","memoryUsed":"2558 MiB"}]},{"date":"29 Jan 2018 22:40:13","gpusCount":3,"gpus":[{"id":"0","name":"GeForce GTX 1060 6GB","driverVersion":"388.13","temperature":"54","usage":"96 %","memoryUsage":"100 %","coreClock":"1835 MHz","memoryClock":"4417 MHz","memoryUsed":"2555 MiB"},{"id":"1","name":"GeForce GTX 1060 6GB","driverVersion":"388.13","temperature":"45","usage":"98 %","memoryUsage":"100 %","coreClock":"1898 MHz","memoryClock":"4417 MHz","memoryUsed":"2555 MiB"},{"id":"2","name":"GeForce GTX 1060 6GB","driverVersion":"388.13","temperature":"62","usage":"100 %","memoryUsage":"100 %","coreClock":"1657 MHz","memoryClock":"4303 MHz","memoryUsed":"2558 MiB"}]},{"date":"29 Jan 2018 22:40:23","gpusCount":3,"gpus":[{"id":"0","name":"GeForce GTX 1060 6GB","driverVersion":"388.13","temperature":"54","usage":"100 %","memoryUsage":"100 %","coreClock":"1847 MHz","memoryClock":"4417 MHz","memoryUsed":"2555 MiB"},{"id":"1","name":"GeForce GTX 1060 6GB","driverVersion":"388.13","temperature":"45","usage":"99 %","memoryUsage":"100 %","coreClock":"1898 MHz","memoryClock":"4417 MHz","memoryUsed":"2555 MiB"},{"id":"2","name":"GeForce GTX 1060 6GB","driverVersion":"388.13","temperature":"62","usage":"100 %","memoryUsage":"100 %","coreClock":"1721 MHz","memoryClock":"4303 MHz","memoryUsed":"2558 MiB"}]},{"date":"29 Jan 2018 22:40:33","gpusCount":3,"gpus":[{"id":"0","name":"GeForce GTX 1060 6GB","driverVersion":"388.13","temperature":"54","usage":"100 %","memoryUsage":"100 %","coreClock":"1822 MHz","memoryClock":"4417 MHz","memoryUsed":"2555 MiB"},{"id":"1","name":"GeForce GTX 1060 6GB","driverVersion":"388.13","temperature":"45","usage":"100 %","memoryUsage":"100 %","coreClock":"1822 MHz","memoryClock":"4417 MHz","memoryUsed":"2555 MiB"},{"id":"2","name":"GeForce GTX 1060 6GB","driverVersion":"388.13","temperature":"61","usage":"100 %","memoryUsage":"100 %","coreClock":"1683 MHz","memoryClock":"4303 MHz","memoryUsed":"2558 MiB"}]},{"date":"29 Jan 2018 22:40:43","gpusCount":3,"gpus":[{"id":"0","name":"GeForce GTX 1060 6GB","driverVersion":"388.13","temperature":"54","usage":"100 %","memoryUsage":"100 %","coreClock":"1835 MHz","memoryClock":"4417 MHz","memoryUsed":"2555 MiB"},{"id":"1","name":"GeForce GTX 1060 6GB","driverVersion":"388.13","temperature":"45","usage":"100 %","memoryUsage":"100 %","coreClock":"1898 MHz","memoryClock":"4417 MHz","memoryUsed":"2555 MiB"},{"id":"2","name":"GeForce GTX 1060 6GB","driverVersion":"388.13","temperature":"62","usage":"100 %","memoryUsage":"100 %","coreClock":"1733 MHz","memoryClock":"4303 MHz","memoryUsed":"2558 MiB"}]}],"date":"29 Jan 2018 22:40:43","gpusCount":3,"gpus":[{"id":"0","name":"GeForce GTX 1060 6GB","driverVersion":"388.13","temperature":"54","usage":"100 %","memoryUsage":"100 %","coreClock":"1835 MHz","memoryClock":"4417 MHz","memoryUsed":"2555 MiB"},{"id":"1","name":"GeForce GTX 1060 6GB","driverVersion":"388.13","temperature":"45","usage":"100 %","memoryUsage":"100 %","coreClock":"1898 MHz","memoryClock":"4417 MHz","memoryUsed":"2555 MiB"},{"id":"2","name":"GeForce GTX 1060 6GB","driverVersion":"388.13","temperature":"62","usage":"100 %","memoryUsage":"100 %","coreClock":"1733 MHz","memoryClock":"4303 MHz","memoryUsed":"2558 MiB"}]},"test":{"reported":"26 Jan 2008 18:30:40","date":"27 Jan 2018 14:25:16","watch":false,"gpusCount":1,"gpus":[{"id":"0","name":"GeForce GTX 960M","driverVersion":"384.111","temperature":"48","usage":"36 %","memoryUsage":"14 %","coreClock":"928 MHz","memoryClock":"2505 MHz","memoryUsed":"1093 MiB"}],"history":[{"date":"27 Jan 2018 14:23:36","gpusCount":1,"gpus":[{"id":"0","name":"GeForce GTX 960M","driverVersion":"384.111","temperature":"46","usage":"22 %","memoryUsage":"11 %","coreClock":"862 MHz","memoryClock":"800 MHz","memoryUsed":"1068 MiB"}]},{"date":"27 Jan 2018 14:23:46","gpusCount":1,"gpus":[{"id":"0","name":"GeForce GTX 960M","driverVersion":"384.111","temperature":"46","usage":"32 %","memoryUsage":"17 %","coreClock":"862 MHz","memoryClock":"800 MHz","memoryUsed":"1068 MiB"}]},{"date":"27 Jan 2018 14:23:56","gpusCount":1,"gpus":[{"id":"0","name":"GeForce GTX 960M","driverVersion":"384.111","temperature":"46","usage":"32 %","memoryUsage":"15 %","coreClock":"862 MHz","memoryClock":"800 MHz","memoryUsed":"1065 MiB"}]},{"date":"27 Jan 2018 14:24:06","gpusCount":1,"gpus":[{"id":"0","name":"GeForce GTX 960M","driverVersion":"384.111","temperature":"46","usage":"33 %","memoryUsage":"18 %","coreClock":"862 MHz","memoryClock":"800 MHz","memoryUsed":"1060 MiB"}]},{"date":"27 Jan 2018 14:24:16","gpusCount":1,"gpus":[{"id":"0","name":"GeForce GTX 960M","driverVersion":"384.111","temperature":"46","usage":"47 %","memoryUsage":"28 %","coreClock":"862 MHz","memoryClock":"800 MHz","memoryUsed":"1063 MiB"}]},{"date":"27 Jan 2018 14:24:26","gpusCount":1,"gpus":[{"id":"0","name":"GeForce GTX 960M","driverVersion":"384.111","temperature":"46","usage":"20 %","memoryUsage":"11 %","coreClock":"862 MHz","memoryClock":"800 MHz","memoryUsed":"1060 MiB"}]},{"date":"27 Jan 2018 14:24:36","gpusCount":1,"gpus":[{"id":"0","name":"GeForce GTX 960M","driverVersion":"384.111","temperature":"46","usage":"47 %","memoryUsage":"25 %","coreClock":"862 MHz","memoryClock":"800 MHz","memoryUsed":"1060 MiB"}]},{"date":"27 Jan 2018 14:24:46","gpusCount":1,"gpus":[{"id":"0","name":"GeForce GTX 960M","driverVersion":"384.111","temperature":"46","usage":"30 %","memoryUsage":"16 %","coreClock":"862 MHz","memoryClock":"800 MHz","memoryUsed":"1066 MiB"}]},{"date":"27 Jan 2018 14:24:56","gpusCount":1,"gpus":[{"id":"0","name":"GeForce GTX 960M","driverVersion":"384.111","temperature":"46","usage":"33 %","memoryUsage":"18 %","coreClock":"862 MHz","memoryClock":"800 MHz","memoryUsed":"1060 MiB"}]},{"date":"27 Jan 2018 14:25:06","gpusCount":1,"gpus":[{"id":"0","name":"GeForce GTX 960M","driverVersion":"384.111","temperature":"46","usage":"29 %","memoryUsage":"12 %","coreClock":"862 MHz","memoryClock":"800 MHz","memoryUsed":"1066 MiB"}]},{"date":"27 Jan 2018 14:25:16","gpusCount":1,"gpus":[{"id":"0","name":"GeForce GTX 960M","driverVersion":"384.111","temperature":"48","usage":"36 %","memoryUsage":"14 %","coreClock":"928 MHz","memoryClock":"2505 MHz","memoryUsed":"1093 MiB"}]}]},"4_1070":{"reported":"29 Jan 2018 22:16:45","watch":true,"history":[{"date":"29 Jan 2018 22:39:02","gpusCount":4,"gpus":[{"id":"0","name":"GeForce GTX 1070","driverVersion":"390.65","temperature":"52","usage":"99 %","memoryUsage":"79 %","coreClock":"1695 MHz","memoryClock":"4303 MHz","memoryUsed":"601 MiB"},{"id":"1","name":"GeForce GTX 1070","driverVersion":"390.65","temperature":"60","usage":"99 %","memoryUsage":"79 %","coreClock":"1645 MHz","memoryClock":"4303 MHz","memoryUsed":"636 MiB"},{"id":"2","name":"GeForce GTX 1070","driverVersion":"390.65","temperature":"54","usage":"99 %","memoryUsage":"78 %","coreClock":"1632 MHz","memoryClock":"4303 MHz","memoryUsed":"601 MiB"},{"id":"3","name":"GeForce GTX 1070","driverVersion":"390.65","temperature":"45","usage":"99 %","memoryUsage":"87 %","coreClock":"1911 MHz","memoryClock":"4303 MHz","memoryUsed":"601 MiB"}]},{"date":"29 Jan 2018 22:39:12","gpusCount":4,"gpus":[{"id":"0","name":"GeForce GTX 1070","driverVersion":"390.65","temperature":"52","usage":"99 %","memoryUsage":"80 %","coreClock":"1695 MHz","memoryClock":"4303 MHz","memoryUsed":"601 MiB"},{"id":"1","name":"GeForce GTX 1070","driverVersion":"390.65","temperature":"60","usage":"99 %","memoryUsage":"77 %","coreClock":"1620 MHz","memoryClock":"4303 MHz","memoryUsed":"636 MiB"},{"id":"2","name":"GeForce GTX 1070","driverVersion":"390.65","temperature":"54","usage":"99 %","memoryUsage":"78 %","coreClock":"1632 MHz","memoryClock":"4303 MHz","memoryUsed":"601 MiB"},{"id":"3","name":"GeForce GTX 1070","driverVersion":"390.65","temperature":"45","usage":"99 %","memoryUsage":"85 %","coreClock":"1898 MHz","memoryClock":"4303 MHz","memoryUsed":"601 MiB"}]},{"date":"29 Jan 2018 22:39:22","gpusCount":4,"gpus":[{"id":"0","name":"GeForce GTX 1070","driverVersion":"390.65","temperature":"52","usage":"99 %","memoryUsage":"79 %","coreClock":"1695 MHz","memoryClock":"4303 MHz","memoryUsed":"601 MiB"},{"id":"1","name":"GeForce GTX 1070","driverVersion":"390.65","temperature":"60","usage":"99 %","memoryUsage":"76 %","coreClock":"1594 MHz","memoryClock":"4303 MHz","memoryUsed":"636 MiB"},{"id":"2","name":"GeForce GTX 1070","driverVersion":"390.65","temperature":"54","usage":"99 %","memoryUsage":"79 %","coreClock":"1645 MHz","memoryClock":"4303 MHz","memoryUsed":"601 MiB"},{"id":"3","name":"GeForce GTX 1070","driverVersion":"390.65","temperature":"45","usage":"99 %","memoryUsage":"86 %","coreClock":"1898 MHz","memoryClock":"4303 MHz","memoryUsed":"601 MiB"}]},{"date":"29 Jan 2018 22:39:32","gpusCount":4,"gpus":[{"id":"0","name":"GeForce GTX 1070","driverVersion":"390.65","temperature":"52","usage":"99 %","memoryUsage":"80 %","coreClock":"1695 MHz","memoryClock":"4303 MHz","memoryUsed":"601 MiB"},{"id":"1","name":"GeForce GTX 1070","driverVersion":"390.65","temperature":"60","usage":"99 %","memoryUsage":"75 %","coreClock":"1645 MHz","memoryClock":"4303 MHz","memoryUsed":"636 MiB"},{"id":"2","name":"GeForce GTX 1070","driverVersion":"390.65","temperature":"54","usage":"99 %","memoryUsage":"78 %","coreClock":"1632 MHz","memoryClock":"4303 MHz","memoryUsed":"601 MiB"},{"id":"3","name":"GeForce GTX 1070","driverVersion":"390.65","temperature":"45","usage":"99 %","memoryUsage":"88 %","coreClock":"1923 MHz","memoryClock":"4303 MHz","memoryUsed":"601 MiB"}]},{"date":"29 Jan 2018 22:39:42","gpusCount":4,"gpus":[{"id":"0","name":"GeForce GTX 1070","driverVersion":"390.65","temperature":"52","usage":"99 %","memoryUsage":"80 %","coreClock":"1695 MHz","memoryClock":"4303 MHz","memoryUsed":"601 MiB"},{"id":"1","name":"GeForce GTX 1070","driverVersion":"390.65","temperature":"61","usage":"99 %","memoryUsage":"79 %","coreClock":"1632 MHz","memoryClock":"4303 MHz","memoryUsed":"636 MiB"},{"id":"2","name":"GeForce GTX 1070","driverVersion":"390.65","temperature":"54","usage":"99 %","memoryUsage":"78 %","coreClock":"1632 MHz","memoryClock":"4303 MHz","memoryUsed":"601 MiB"},{"id":"3","name":"GeForce GTX 1070","driverVersion":"390.65","temperature":"45","usage":"99 %","memoryUsage":"87 %","coreClock":"1911 MHz","memoryClock":"4303 MHz","memoryUsed":"601 MiB"}]},{"date":"29 Jan 2018 22:39:52","gpusCount":4,"gpus":[{"id":"0","name":"GeForce GTX 1070","driverVersion":"390.65","temperature":"52","usage":"99 %","memoryUsage":"80 %","coreClock":"1670 MHz","memoryClock":"4303 MHz","memoryUsed":"601 MiB"},{"id":"1","name":"GeForce GTX 1070","driverVersion":"390.65","temperature":"60","usage":"99 %","memoryUsage":"78 %","coreClock":"1620 MHz","memoryClock":"4303 MHz","memoryUsed":"636 MiB"},{"id":"2","name":"GeForce GTX 1070","driverVersion":"390.65","temperature":"54","usage":"99 %","memoryUsage":"78 %","coreClock":"1632 MHz","memoryClock":"4303 MHz","memoryUsed":"601 MiB"},{"id":"3","name":"GeForce GTX 1070","driverVersion":"390.65","temperature":"45","usage":"99 %","memoryUsage":"86 %","coreClock":"1898 MHz","memoryClock":"4303 MHz","memoryUsed":"601 MiB"}]},{"date":"29 Jan 2018 22:40:02","gpusCount":4,"gpus":[{"id":"0","name":"GeForce GTX 1070","driverVersion":"390.65","temperature":"52","usage":"99 %","memoryUsage":"80 %","coreClock":"1670 MHz","memoryClock":"4303 MHz","memoryUsed":"601 MiB"},{"id":"1","name":"GeForce GTX 1070","driverVersion":"390.65","temperature":"60","usage":"99 %","memoryUsage":"77 %","coreClock":"1620 MHz","memoryClock":"4303 MHz","memoryUsed":"636 MiB"},{"id":"2","name":"GeForce GTX 1070","driverVersion":"390.65","temperature":"54","usage":"99 %","memoryUsage":"78 %","coreClock":"1632 MHz","memoryClock":"4303 MHz","memoryUsed":"601 MiB"},{"id":"3","name":"GeForce GTX 1070","driverVersion":"390.65","temperature":"46","usage":"99 %","memoryUsage":"86 %","coreClock":"1911 MHz","memoryClock":"4303 MHz","memoryUsed":"601 MiB"}]},{"date":"29 Jan 2018 22:40:12","gpusCount":4,"gpus":[{"id":"0","name":"GeForce GTX 1070","driverVersion":"390.65","temperature":"52","usage":"99 %","memoryUsage":"79 %","coreClock":"1657 MHz","memoryClock":"4303 MHz","memoryUsed":"601 MiB"},{"id":"1","name":"GeForce GTX 1070","driverVersion":"390.65","temperature":"60","usage":"99 %","memoryUsage":"76 %","coreClock":"1594 MHz","memoryClock":"4303 MHz","memoryUsed":"636 MiB"},{"id":"2","name":"GeForce GTX 1070","driverVersion":"390.65","temperature":"54","usage":"99 %","memoryUsage":"78 %","coreClock":"1632 MHz","memoryClock":"4303 MHz","memoryUsed":"601 MiB"},{"id":"3","name":"GeForce GTX 1070","driverVersion":"390.65","temperature":"45","usage":"99 %","memoryUsage":"87 %","coreClock":"1911 MHz","memoryClock":"4303 MHz","memoryUsed":"601 MiB"}]},{"date":"29 Jan 2018 22:40:22","gpusCount":4,"gpus":[{"id":"0","name":"GeForce GTX 1070","driverVersion":"390.65","temperature":"52","usage":"99 %","memoryUsage":"79 %","coreClock":"1657 MHz","memoryClock":"4303 MHz","memoryUsed":"601 MiB"},{"id":"1","name":"GeForce GTX 1070","driverVersion":"390.65","temperature":"60","usage":"99 %","memoryUsage":"79 %","coreClock":"1645 MHz","memoryClock":"4303 MHz","memoryUsed":"636 MiB"},{"id":"2","name":"GeForce GTX 1070","driverVersion":"390.65","temperature":"54","usage":"99 %","memoryUsage":"78 %","coreClock":"1632 MHz","memoryClock":"4303 MHz","memoryUsed":"601 MiB"},{"id":"3","name":"GeForce GTX 1070","driverVersion":"390.65","temperature":"45","usage":"99 %","memoryUsage":"86 %","coreClock":"1898 MHz","memoryClock":"4303 MHz","memoryUsed":"601 MiB"}]},{"date":"29 Jan 2018 22:40:32","gpusCount":4,"gpus":[{"id":"0","name":"GeForce GTX 1070","driverVersion":"390.65","temperature":"52","usage":"99 %","memoryUsage":"79 %","coreClock":"1657 MHz","memoryClock":"4303 MHz","memoryUsed":"601 MiB"},{"id":"1","name":"GeForce GTX 1070","driverVersion":"390.65","temperature":"60","usage":"99 %","memoryUsage":"77 %","coreClock":"1620 MHz","memoryClock":"4303 MHz","memoryUsed":"636 MiB"},{"id":"2","name":"GeForce GTX 1070","driverVersion":"390.65","temperature":"54","usage":"99 %","memoryUsage":"78 %","coreClock":"1632 MHz","memoryClock":"4303 MHz","memoryUsed":"601 MiB"},{"id":"3","name":"GeForce GTX 1070","driverVersion":"390.65","temperature":"45","usage":"99 %","memoryUsage":"86 %","coreClock":"1898 MHz","memoryClock":"4303 MHz","memoryUsed":"601 MiB"}]},{"date":"29 Jan 2018 22:40:42","gpusCount":4,"gpus":[{"id":"0","name":"GeForce GTX 1070","driverVersion":"390.65","temperature":"52","usage":"99 %","memoryUsage":"79 %","coreClock":"1657 MHz","memoryClock":"4303 MHz","memoryUsed":"601 MiB"},{"id":"1","name":"GeForce GTX 1070","driverVersion":"390.65","temperature":"60","usage":"99 %","memoryUsage":"79 %","coreClock":"1645 MHz","memoryClock":"4303 MHz","memoryUsed":"636 MiB"},{"id":"2","name":"GeForce GTX 1070","driverVersion":"390.65","temperature":"54","usage":"99 %","memoryUsage":"78 %","coreClock":"1632 MHz","memoryClock":"4303 MHz","memoryUsed":"601 MiB"},{"id":"3","name":"GeForce GTX 1070","driverVersion":"390.65","temperature":"45","usage":"99 %","memoryUsage":"85 %","coreClock":"1898 MHz","memoryClock":"4303 MHz","memoryUsed":"601 MiB"}]}],"date":"29 Jan 2018 22:40:42","gpusCount":4,"gpus":[{"id":"0","name":"GeForce GTX 1070","driverVersion":"390.65","temperature":"52","usage":"99 %","memoryUsage":"79 %","coreClock":"1657 MHz","memoryClock":"4303 MHz","memoryUsed":"601 MiB"},{"id":"1","name":"GeForce GTX 1070","driverVersion":"390.65","temperature":"60","usage":"99 %","memoryUsage":"79 %","coreClock":"1645 MHz","memoryClock":"4303 MHz","memoryUsed":"636 MiB"},{"id":"2","name":"GeForce GTX 1070","driverVersion":"390.65","temperature":"54","usage":"99 %","memoryUsage":"78 %","coreClock":"1632 MHz","memoryClock":"4303 MHz","memoryUsed":"601 MiB"},{"id":"3","name":"GeForce GTX 1070","driverVersion":"390.65","temperature":"45","usage":"99 %","memoryUsage":"85 %","coreClock":"1898 MHz","memoryClock":"4303 MHz","memoryUsed":"601 MiB"}]},"2ma":{"reported":"29 Jan 2018 22:16:49","watch":true,"history":[{"date":"29 Jan 2018 22:39:00","gpusCount":2,"gpus":[{"id":"0","name":"GeForce GTX 1060 6GB","driverVersion":"390.65","temperature":"49","usage":"100 %","memoryUsage":"100 %","coreClock":"1759 MHz","memoryClock":"4353 MHz","memoryUsed":"2562 MiB"},{"id":"1","name":"GeForce GTX 1060 6GB","driverVersion":"390.65","temperature":"48","usage":"99 %","memoryUsage":"100 %","coreClock":"1974 MHz","memoryClock":"4353 MHz","memoryUsed":"2565 MiB"}]},{"date":"29 Jan 2018 22:39:11","gpusCount":2,"gpus":[{"id":"0","name":"GeForce GTX 1060 6GB","driverVersion":"390.65","temperature":"49","usage":"100 %","memoryUsage":"100 %","coreClock":"1733 MHz","memoryClock":"4353 MHz","memoryUsed":"2562 MiB"},{"id":"1","name":"GeForce GTX 1060 6GB","driverVersion":"390.65","temperature":"48","usage":"99 %","memoryUsage":"100 %","coreClock":"1974 MHz","memoryClock":"4353 MHz","memoryUsed":"2565 MiB"}]},{"date":"29 Jan 2018 22:39:21","gpusCount":2,"gpus":[{"id":"0","name":"GeForce GTX 1060 6GB","driverVersion":"390.65","temperature":"49","usage":"100 %","memoryUsage":"100 %","coreClock":"1746 MHz","memoryClock":"4353 MHz","memoryUsed":"2562 MiB"},{"id":"1","name":"GeForce GTX 1060 6GB","driverVersion":"390.65","temperature":"48","usage":"100 %","memoryUsage":"100 %","coreClock":"1974 MHz","memoryClock":"4353 MHz","memoryUsed":"2565 MiB"}]},{"date":"29 Jan 2018 22:39:31","gpusCount":2,"gpus":[{"id":"0","name":"GeForce GTX 1060 6GB","driverVersion":"390.65","temperature":"49","usage":"100 %","memoryUsage":"100 %","coreClock":"1746 MHz","memoryClock":"4353 MHz","memoryUsed":"2562 MiB"},{"id":"1","name":"GeForce GTX 1060 6GB","driverVersion":"390.65","temperature":"48","usage":"99 %","memoryUsage":"100 %","coreClock":"1974 MHz","memoryClock":"4353 MHz","memoryUsed":"2565 MiB"}]},{"date":"29 Jan 2018 22:39:41","gpusCount":2,"gpus":[{"id":"0","name":"GeForce GTX 1060 6GB","driverVersion":"390.65","temperature":"49","usage":"99 %","memoryUsage":"100 %","coreClock":"1733 MHz","memoryClock":"4353 MHz","memoryUsed":"2562 MiB"},{"id":"1","name":"GeForce GTX 1060 6GB","driverVersion":"390.65","temperature":"48","usage":"99 %","memoryUsage":"100 %","coreClock":"1974 MHz","memoryClock":"4353 MHz","memoryUsed":"2565 MiB"}]},{"date":"29 Jan 2018 22:39:51","gpusCount":2,"gpus":[{"id":"0","name":"GeForce GTX 1060 6GB","driverVersion":"390.65","temperature":"49","usage":"98 %","memoryUsage":"100 %","coreClock":"1759 MHz","memoryClock":"4353 MHz","memoryUsed":"2562 MiB"},{"id":"1","name":"GeForce GTX 1060 6GB","driverVersion":"390.65","temperature":"48","usage":"100 %","memoryUsage":"100 %","coreClock":"1974 MHz","memoryClock":"4353 MHz","memoryUsed":"2565 MiB"}]},{"date":"29 Jan 2018 22:40:01","gpusCount":2,"gpus":[{"id":"0","name":"GeForce GTX 1060 6GB","driverVersion":"390.65","temperature":"49","usage":"99 %","memoryUsage":"100 %","coreClock":"1746 MHz","memoryClock":"4353 MHz","memoryUsed":"2562 MiB"},{"id":"1","name":"GeForce GTX 1060 6GB","driverVersion":"390.65","temperature":"48","usage":"100 %","memoryUsage":"100 %","coreClock":"1974 MHz","memoryClock":"4353 MHz","memoryUsed":"2565 MiB"}]},{"date":"29 Jan 2018 22:40:11","gpusCount":2,"gpus":[{"id":"0","name":"GeForce GTX 1060 6GB","driverVersion":"390.65","temperature":"49","usage":"99 %","memoryUsage":"100 %","coreClock":"1746 MHz","memoryClock":"4353 MHz","memoryUsed":"2562 MiB"},{"id":"1","name":"GeForce GTX 1060 6GB","driverVersion":"390.65","temperature":"48","usage":"99 %","memoryUsage":"100 %","coreClock":"1974 MHz","memoryClock":"4353 MHz","memoryUsed":"2565 MiB"}]},{"date":"29 Jan 2018 22:40:21","gpusCount":2,"gpus":[{"id":"0","name":"GeForce GTX 1060 6GB","driverVersion":"390.65","temperature":"49","usage":"100 %","memoryUsage":"100 %","coreClock":"1733 MHz","memoryClock":"4353 MHz","memoryUsed":"2562 MiB"},{"id":"1","name":"GeForce GTX 1060 6GB","driverVersion":"390.65","temperature":"48","usage":"99 %","memoryUsage":"100 %","coreClock":"1974 MHz","memoryClock":"4353 MHz","memoryUsed":"2565 MiB"}]},{"date":"29 Jan 2018 22:40:31","gpusCount":2,"gpus":[{"id":"0","name":"GeForce GTX 1060 6GB","driverVersion":"390.65","temperature":"49","usage":"100 %","memoryUsage":"100 %","coreClock":"1759 MHz","memoryClock":"4353 MHz","memoryUsed":"2562 MiB"},{"id":"1","name":"GeForce GTX 1060 6GB","driverVersion":"390.65","temperature":"48","usage":"100 %","memoryUsage":"100 %","coreClock":"1974 MHz","memoryClock":"4353 MHz","memoryUsed":"2565 MiB"}]},{"date":"29 Jan 2018 22:40:41","gpusCount":2,"gpus":[{"id":"0","name":"GeForce GTX 1060 6GB","driverVersion":"390.65","temperature":"49","usage":"100 %","memoryUsage":"100 %","coreClock":"1759 MHz","memoryClock":"4353 MHz","memoryUsed":"2562 MiB"},{"id":"1","name":"GeForce GTX 1060 6GB","driverVersion":"390.65","temperature":"48","usage":"99 %","memoryUsage":"100 %","coreClock":"1974 MHz","memoryClock":"4353 MHz","memoryUsed":"2565 MiB"}]}],"date":"29 Jan 2018 22:40:41","gpusCount":2,"gpus":[{"id":"0","name":"GeForce GTX 1060 6GB","driverVersion":"390.65","temperature":"49","usage":"100 %","memoryUsage":"100 %","coreClock":"1759 MHz","memoryClock":"4353 MHz","memoryUsed":"2562 MiB"},{"id":"1","name":"GeForce GTX 1060 6GB","driverVersion":"390.65","temperature":"48","usage":"99 %","memoryUsage":"100 %","coreClock":"1974 MHz","memoryClock":"4353 MHz","memoryUsed":"2565 MiB"}]}}